"DT_GERACAO";"HH_GERACAO";"ANO_ELEICAO";"CD_TIPO_ELEICAO";"NM_TIPO_ELEICAO";"CD_PLEITO";"DT_PLEITO";"NR_TURNO";"CD_ELEICAO";"DS_ELEICAO";"SG_UF";"CD_MUNICIPIO";"NM_MUNICIPIO";"NR_ZONA";"NR_SECAO";"NR_LOCAL_VOTACAO";"CD_CARGO_PERGUNTA";"DS_CARGO_PERGUNTA";"NR_PARTIDO";"SG_PARTIDO";"NM_PARTIDO";"DT_BU_RECEBIDO";"QT_APTOS";"QT_COMPARECIMENTO";"QT_ABSTENCOES";"CD_TIPO_URNA";"DS_TIPO_URNA";"CD_TIPO_VOTAVEL";"DS_TIPO_VOTAVEL";"NR_VOTAVEL";"NM_VOTAVEL";"QT_VOTOS";"NR_URNA_EFETIVADA";"CD_CARGA_1_URNA_EFETIVADA";"CD_CARGA_2_URNA_EFETIVADA";"CD_FLASHCARD_URNA_EFETIVADA";"DT_CARGA_URNA_EFETIVADA";"DS_CARGO_PERGUNTA_SECAO";"DS_AGREGADAS";"DT_ABERTURA";"DT_ENCERRAMENTO";"QT_ELEITORES_BIOMETRIA_NH";"DT_EMISSAO_BU";"NR_JUNTA_APURADORA";"NR_TURMA_APURADORA"
"05/10/2022";"16:34:13";"2022";"0";"Eleição Ordinária";"406";"02/10/2022";"1";"544";"Eleição Geral Federal 2022";"ZZ";"29319";"ARTIGAS";"1";"7";"1015";"1";"Presidente";"-1";"#NULO#";"#NULO#";"02/10/2022 17:47:20";"686";"425";"261";"1";"APURADA";"2";"Branco";"95";"Branco";"9";"1027549";"163.227.937.089.842.422.";"460.152";"15EEE573";"13/09/2022 08:47:00";"1 - 7";"1051";"02/10/2022 08:00:01";"02/10/2022 17:02:46";"0";"02/10/2022 17:06:18";"-1";"-1"
"05/10/2022";"16:34:13";"2022";"0";"Eleição Ordinária";"406";"02/10/2022";"1";"544";"Eleição Geral Federal 2022";"ZZ";"29319";"ARTIGAS";"1";"7";"1015";"1";"Presidente";"-1";"#NULO#";"#NULO#";"02/10/2022 17:47:20";"686";"425";"261";"1";"APURADA";"3";"Nulo";"96";"Nulo";"4";"1027549";"163.227.937.089.842.422.";"460.152";"15EEE573";"13/09/2022 08:47:00";"1 - 7";"1051";"02/10/2022 08:00:01";"02/10/2022 17:02:46";"0";"02/10/2022 17:06:18";"-1";"-1"
"05/10/2022";"16:34:13";"2022";"0";"Eleição Ordinária";"406";"02/10/2022";"1";"544";"Eleição Geral Federal 2022";"ZZ";"29319";"ARTIGAS";"1";"7";"1015";"1";"Presidente";"21";"PCB";"Partido Comunista Brasileiro";"02/10/2022 17:47:20";"686";"425";"261";"1";"APURADA";"1";"Nominal";"21";"SOFIA MANZANO";"1";"1027549";"163.227.937.089.842.422.";"460.152";"15EEE573";"13/09/2022 08:47:00";"1 - 7";"1051";"02/10/2022 08:00:01";"02/10/2022 17:02:46";"0";"02/10/2022 17:06:18";"-1";"-1"
"05/10/2022";"16:34:13";"2022";"0";"Eleição Ordinária";"406";"02/10/2022";"1";"544";"Eleição Geral Federal 2022";"ZZ";"29319";"ARTIGAS";"1";"7";"1015";"1";"Presidente";"16";"PSTU";"Partido Socialista dos Trabalhadores Unificado";"02/10/2022 17:47:20";"686";"425";"261";"1";"APURADA";"1";"Nominal";"16";"VERA";"1";"1027549";"163.227.937.089.842.422.";"460.152";"15EEE573";"13/09/2022 08:47:00";"1 - 7";"1051";"02/10/2022 08:00:01";"02/10/2022 17:02:46";"0";"02/10/2022 17:06:18";"-1";"-1"
"05/10/2022";"16:34:13";"2022";"0";"Eleição Ordinária";"406";"02/10/2022";"1";"544";"Eleição Geral Federal 2022";"ZZ";"29319";"ARTIGAS";"1";"7";"1015";"1";"Presidente";"44";"UNIÃO";"UNIÃO BRASIL";"02/10/2022 17:47:20";"686";"425";"261";"1";"APURADA";"1";"Nominal";"44";"SORAYA THRONICKE";"11";"1027549";"163.227.937.089.842.422.";"460.152";"15EEE573";"13/09/2022 08:47:00";"1 - 7";"1051";"02/10/2022 08:00:01";"02/10/2022 17:02:46";"0";"02/10/2022 17:06:18";"-1";"-1"
"05/10/2022";"16:34:13";"2022";"0";"Eleição Ordinária";"406";"02/10/2022";"1";"544";"Eleição Geral Federal 2022";"ZZ";"29319";"ARTIGAS";"1";"7";"1015";"1";"Presidente";"12";"PDT";"Partido Democrático Trabalhista";"02/10/2022 17:47:20";"686";"425";"261";"1";"APURADA";"1";"Nominal";"12";"CIRO GOMES";"14";"1027549";"163.227.937.089.842.422.";"460.152";"15EEE573";"13/09/2022 08:47:00";"1 - 7";"1051";"02/10/2022 08:00:01";"02/10/2022 17:02:46";"0";"02/10/2022 17:06:18";"-1";"-1"
"05/10/2022";"16:34:13";"2022";"0";"Eleição Ordinária";"406";"02/10/2022";"1";"544";"Eleição Geral Federal 2022";"ZZ";"29319";"ARTIGAS";"1";"7";"1015";"1";"Presidente";"80";"UP";"Unidade Popular";"02/10/2022 17:47:20";"686";"425";"261";"1";"APURADA";"1";"Nominal";"80";"LÉO PÉRICLES";"1";"1027549";"163.227.937.089.842.422.";"460.152";"15EEE573";"13/09/2022 08:47:00";"1 - 7";"1051";"02/10/2022 08:00:01";"02/10/2022 17:02:46";"0";"02/10/2022 17:06:18";"-1";"-1"
"05/10/2022";"16:34:13";"2022";"0";"Eleição Ordinária";"406";"02/10/2022";"1";"544";"Eleição Geral Federal 2022";"ZZ";"29319";"ARTIGAS";"1";"7";"1015";"1";"Presidente";"13";"PT";"Partido dos Trabalhadores";"02/10/2022 17:47:20";"686";"425";"261";"1";"APURADA";"1";"Nominal";"13";"LULA";"116";"1027549";"163.227.937.089.842.422.";"460.152";"15EEE573";"13/09/2022 08:47:00";"1 - 7";"1051";"02/10/2022 08:00:01";"02/10/2022 17:02:46";"0";"02/10/2022 17:06:18";"-1";"-1"
"05/10/2022";"16:34:13";"2022";"0";"Eleição Ordinária";"406";"02/10/2022";"1";"544";"Eleição Geral Federal 2022";"ZZ";"29319";"ARTIGAS";"1";"7";"1015";"1";"Presidente";"22";"PL";"Partido Liberal";"02/10/2022 17:47:20";"686";"425";"261";"1";"APURADA";"1";"Nominal";"22";"JAIR BOLSONARO";"245";"1027549";"163.227.937.089.842.422.";"460.152";"15EEE573";"13/09/2022 08:47:00";"1 - 7";"1051";"02/10/2022 08:00:01";"02/10/2022 17:02:46";"0";"02/10/2022 17:06:18";"-1";"-1"
"05/10/2022";"16:34:13";"2022";"0";"Eleição Ordinária";"406";"02/10/2022";"1";"544";"Eleição Geral Federal 2022";"ZZ";"29319";"ARTIGAS";"1";"7";"1015";"1";"Presidente";"15";"MDB";"Movimento Democrático Brasileiro";"02/10/2022 17:47:20";"686";"425";"261";"1";"APURADA";"1";"Nominal";"15";"SIMONE TEBET";"19";"1027549";"163.227.937.089.842.422.";"460.152";"15EEE573";"13/09/2022 08:47:00";"1 - 7";"1051";"02/10/2022 08:00:01";"02/10/2022 17:02:46";"0";"02/10/2022 17:06:18";"-1";"-1"
"05/10/2022";"16:34:13";"2022";"0";"Eleição Ordinária";"406";"02/10/2022";"1";"544";"Eleição Geral Federal 2022";"ZZ";"29319";"ARTIGAS";"1";"7";"1015";"1";"Presidente";"27";"DC";"Democracia Cristã";"02/10/2022 17:47:20";"686";"425";"261";"1";"APURADA";"1";"Nominal";"27";"CONSTITUINTE EYMAEL";"4";"1027549";"163.227.937.089.842.422.";"460.152";"15EEE573";"13/09/2022 08:47:00";"1 - 7";"1051";"02/10/2022 08:00:01";"02/10/2022 17:02:46";"0";"02/10/2022 17:06:18";"-1";"-1"
